TR,t_ms,cal_sys,cal_gyro,cal_accel,cal_mag,euler_h,euler_r,euler_p,acc_gx,acc_gy,acc_gz,lin_ax,lin_ay,lin_az,gyr_x,gyr_y,gyr_z,mag_x,mag_y,mag_z,bmp_ok,temp_C,press_hPa,alt_m,lora_tx_done,lora_ack_ok
TR,2482,0,0,0,0,0.0,0.0,0.0,0.0,0.0,0.0,0.0,0.0,0.0,0.0,0.0,0.0,0.0,0.0,0.0,1,31.23,940.5,596.1,1,0
TR,2742,0,3,0,0,327.67,0.62,4.81,0.12,-0.8,9.33,-0.01,0.04,-0.45,0.0,0.0,0.0,0.1,-0.1,0.0,1,31.24,940.5,596.2,1,0
TR,3004,0,3,0,0,327.67,0.62,4.81,0.11,-0.8,9.33,0.0,0.05,-0.44,0.0,0.0,0.0,0.1,-0.1,0.0,1,31.25,940.5,596.3,1,0
TR,3264,0,3,0,0,327.67,0.62,4.81,0.1,-0.8,9.31,0.0,0.04,-0.43,0.0,0.0,0.0,0.1,-0.1,0.0,1,31.27,940.5,596.3,1,0
TR,3524,0,3,0,0,327.67,0.62,4.81,0.11,-0.77,9.29,-0.01,0.01,-0.44,0.0,0.0,0.0,0.1,-0.1,0.0,1,31.28,940.5,596.4,1,0
TR,3786,0,3,0,0,327.67,0.62,4.81,0.11,-0.8,9.32,0.0,0.02,-0.44,0.0,0.0,0.0,0.1,-0.1,0.0,1,31.29,940.5,596.4,1,0
TR,4046,0,3,0,0,327.67,0.62,4.81,0.09,-0.77,9.31,-0.01,0.05,-0.45,0.0,0.0,0.0,0.1,-0.1,0.0,1,31.3,940.5,596.5,1,0
TR,4306,0,3,0,0,327.67,0.62,4.81,0.11,-0.8,9.32,0.0,0.02,-0.44,0.0,0.0,0.0,0.1,-0.1,0.0,1,31.31,940.5,596.4,1,0
TR,4567,0,3,0,0,327.67,0.62,4.81,0.1,-0.79,9.34,0.0,0.02,-0.42,0.0,0.0,0.0,0.1,-0.1,0.0,1,31.32,940.5,596.5,1,0
TR,4829,0,3,0,0,327.67,0.62,4.81,0.11,-0.78,9.31,0.0,0.04,-0.45,0.0,0.0,0.0,0.1,-0.1,0.0,1,31.32,940.5,596.4,1,0
TR,5089,0,3,0,0,327.67,0.62,4.81,0.09,-0.79,9.3,-0.01,0.03,-0.46,0.0,0.0,0.0,0.1,-0.1,0.0,1,31.33,940.5,596.3,1,0
TR,5357,0,3,0,0,327.67,0.62,4.81,0.12,-0.8,9.34,0.01,0.01,-0.42,0.0,0.0,0.0,0.1,-0.1,0.0,1,31.34,940.5,596.4,1,0
TR,5615,0,3,0,0,327.67,0.62,4.81,0.09,-0.81,9.34,-0.01,0.03,-0.44,0.0,0.0,0.0,0.1,-0.1,0.0,1,31.34,940.5,596.3,1,0
TR,5875,0,3,0,0,327.67,0.62,4.81,0.1,-0.79,9.33,-0.01,0.03,-0.43,0.0,0.0,0.0,0.1,-0.1,0.0,1,31.35,940.5,596.3,1,0
TR,6135,0,3,0,0,327.67,0.62,4.81,0.11,-0.8,9.31,0.0,0.01,-0.45,0.0,0.0,0.0,0.1,-0.1,0.0,1,31.35,940.5,596.4,1,0
TR,6395,0,3,0,0,327.67,0.62,4.81,0.1,-0.78,9.33,0.0,0.04,-0.43,0.0,0.0,0.0,0.1,-0.1,0.0,1,31.36,940.5,596.4,1,0
TR,6656,0,3,0,0,327.67,0.62,4.81,0.1,-0.79,9.31,-0.01,0.03,-0.45,0.0,0.0,0.0,0.1,-0.1,0.0,1,31.36,940.5,596.4,1,0
TR,6914,0,3,0,0,327.67,0.62,4.81,0.09,-0.78,9.29,-0.01,0.04,-0.47,0.0,0.0,0.0,0.1,-0.1,0.0,1,31.37,940.5,596.5,1,0
TR,7174,0,3,0,0,327.67,0.62,4.81,0.1,-0.79,9.33,-0.01,0.02,-0.43,0.0,0.0,0.0,0.1,-0.1,0.0,1,31.37,940.4,596.5,1,0
TR,7434,0,3,0,0,327.67,0.62,4.81,0.11,-0.78,9.33,0.0,0.04,-0.43,0.0,0.0,0.0,0.1,-0.1,0.0,1,31.38,940.5,596.5,1,0
TR,7694,0,3,0,0,327.67,0.62,4.81,-0.02,-0.62,9.28,-0.13,0.2,-0.48,0.0,0.0,0.0,0.1,-0.1,0.0,1,31.38,940.5,596.5,1,0
TR,7958,0,3,0,0,0.0,0.62,4.81,0.14,-0.77,9.33,0.01,0.0,-0.46,0.0,0.0,0.0,0.1,-0.1,0.0,1,31.38,940.5,596.5,1,0
TR,8216,0,3,0,0,0.0,0.62,4.81,0.22,-1.03,9.24,0.1,-0.2,-0.52,0.0,0.0,0.0,0.1,-0.1,0.0,1,31.38,940.5,596.5,1,0
TR,8476,0,3,0,0,0.0,0.62,4.81,0.09,-0.76,9.34,-0.02,0.06,-0.42,0.0,0.0,0.0,0.1,-0.1,0.0,1,31.39,940.5,596.4,1,0
TR,8736,0,3,0,0,327.67,0.62,4.81,0.09,-0.76,9.34,-0.02,0.06,-0.42,0.0,0.0,0.0,0.1,-0.1,0.0,1,31.39,940.5,596.5,1,0
TR,8996,0,3,0,0,327.67,0.62,4.81,0.11,-0.8,9.31,0.0,0.02,-0.45,0.0,0.0,0.0,0.1,-0.1,0.0,1,31.4,940.5,596.4,1,0
TR,9256,0,3,0,0,327.67,0.62,4.81,-0.19,-0.12,9.41,-0.3,0.7,-0.35,0.0,0.0,0.0,0.1,-0.1,0.0,1,31.4,940.5,596.4,1,0
TR,9512,0,3,0,0,327.67,0.62,4.81,0.1,-0.79,9.34,0.0,0.02,-0.42,0.0,0.0,0.0,0.1,-0.1,0.0,1,31.4,940.5,596.4,1,0
TR,9773,0,3,0,0,327.67,0.62,4.81,0.09,-0.79,9.35,-0.01,0.03,-0.4,0.0,0.0,0.0,0.1,-0.1,0.0,1,31.41,940.5,596.4,1,0
TR,10033,0,3,0,0,327.67,0.62,4.81,0.09,-0.78,9.32,-0.01,0.04,-0.44,0.0,0.0,0.0,0.1,-0.1,0.0,1,31.41,940.5,596.4,1,0
TR,10293,0,3,0,0,327.67,0.62,4.81,0.09,-0.78,9.32,-0.02,0.04,-0.44,0.0,0.0,0.0,0.1,-0.1,0.0,1,31.42,940.5,596.4,1,0
TR,10557,0,3,0,0,327.67,0.62,4.81,0.09,-0.79,9.32,-0.01,0.02,-0.44,0.0,0.0,0.0,0.1,-0.1,0.0,1,31.42,940.5,596.5,1,0
TR,10813,0,3,0,0,327.67,0.62,4.81,0.11,-0.8,9.34,0.0,0.02,-0.42,0.0,0.0,0.0,0.1,-0.1,0.0,1,31.43,940.5,596.5,1,0
TR,11073,0,3,0,0,327.67,0.62,4.81,0.22,-1.05,9.29,0.1,-0.23,-0.47,0.0,0.0,0.0,0.1,-0.1,0.0,1,31.43,940.5,596.5,1,0
TR,11333,0,3,0,0,327.67,0.62,4.81,3.58,3.33,10.05,3.47,4.15,0.27,0.0,0.0,0.0,0.1,-0.1,0.0,1,31.44,940.5,596.4,1,0
TR,11595,0,3,0,0,327.67,0.62,4.81,4.75,9.89,-1.57,4.64,10.71,-11.34,0.0,0.0,0.0,0.1,-0.1,0.0,1,31.43,940.5,596.4,1,0
TR,11855,0,3,0,0,327.67,0.62,4.81,2.64,4.76,7.95,2.53,5.59,-1.81,0.0,0.0,0.0,0.1,-0.1,0.0,1,31.45,940.5,596.4,1,0
TR,12113,0,3,0,0,327.67,0.62,4.81,2.09,1.81,10.94,1.99,2.63,1.16,0.0,0.0,0.0,0.1,-0.1,0.0,1,31.45,940.5,596.3,1,0
TR,12374,0,3,0,0,327.67,0.62,4.81,1.65,2.07,9.41,1.81,4.33,-0.76,0.0,0.0,0.0,0.1,-0.1,0.0,1,31.44,940.5,596.5,1,0
TR,12634,0,3,0,0,327.67,0.62,4.81,2.32,4.02,8.59,2.29,4.9,-1.57,0.0,0.0,0.0,0.1,-0.1,0.0,1,31.44,940.4,596.5,1,0
TR,12894,0,3,0,0,0.0,1.06,3.93,3.75,7.41,4.29,3.73,7.92,-5.81,0.0,0.0,0.0,0.1,-0.1,0.0,1,31.45,940.4,596.6,1,0
TR,13158,0,3,0,0,0.0,1.06,3.93,2.97,4.96,12.8,2.78,5.63,3.02,0.0,0.0,0.0,0.1,-0.1,0.0,1,31.45,940.4,596.6,1,0
TR,13416,0,3,0,0,0.0,1.06,3.93,3.58,4.98,8.85,3.4,5.66,-0.92,0.0,0.0,0.0,0.1,-0.1,0.0,1,31.45,940.4,596.6,1,0
TR,13676,0,3,0,0,0.0,1.06,3.93,2.28,5.78,4.69,2.09,6.46,-5.07,0.0,0.0,0.0,0.1,-0.1,0.0,1,31.46,940.4,596.5,1,0
TR,13936,0,3,0,0,0.0,1.06,3.93,-4.36,7.83,6.74,-4.54,8.5,-3.03,0.0,0.0,0.0,0.1,-0.1,0.0,1,31.46,940.5,596.5,1,0
TR,14196,0,3,0,0,0.0,1.06,3.93,1.96,2.36,9.66,1.77,3.05,-0.11,0.0,0.0,0.0,0.1,-0.1,0.0,1,31.46,940.5,596.4,1,0
TR,14458,0,3,0,0,0.0,1.06,3.93,1.26,4.65,7.32,1.07,5.33,-2.46,0.0,0.0,0.0,0.1,-0.1,0.0,1,31.47,940.4,596.5,1,0
TR,14716,0,3,0,0,0.0,1.06,3.93,2.04,-3.41,3.31,1.86,-2.74,-6.46,0.0,0.0,0.0,0.1,-0.1,0.0,1,31.47,940.5,596.5,1,0
TR,14977,0,3,0,0,0.0,1.06,3.93,8.27,-1.73,2.11,7.72,-1.04,-6.56,0.0,0.0,0.0,0.1,-0.1,0.0,1,31.46,940.4,596.5,1,0
TR,15237,0,3,0,0,0.0,1.06,3.93,9.78,-1.69,0.07,10.82,-0.97,-10.14,0.0,0.0,0.0,0.1,-0.1,0.0,1,31.46,940.4,596.6,1,0
TR,15497,0,3,0,0,0.0,1.06,3.93,8.18,-0.28,1.43,8.05,-0.62,-7.27,0.0,0.0,0.0,0.1,-0.1,0.0,1,31.45,940.4,596.6,1,0
TR,15757,0,3,0,0,0.0,1.06,3.93,8.6,-1.78,0.9,9.31,-0.83,-9.74,0.0,0.0,0.0,0.1,-0.1,0.0,1,31.45,940.4,596.5,1,0
TR,16019,0,3,0,0,0.06,2.75,4.06,8.64,-0.76,1.36,8.16,-0.07,-8.39,0.0,0.0,0.0,0.1,-0.1,0.0,1,31.45,940.5,596.5,1,0
TR,16279,0,3,0,0,0.25,9.43,4.81,9.22,-0.86,0.76,7.34,-0.02,-8.82,0.0,0.0,0.0,0.1,-0.1,0.0,1,31.45,940.5,596.5,1,0
TR,16537,0,3,0,0,0.62,19.18,5.68,9.29,-0.16,-0.27,6.06,0.75,-9.49,0.0,0.0,0.0,0.1,-0.1,0.0,1,31.45,940.4,596.5,1,0
TR,16797,0,3,0,0,0.62,19.18,5.68,9.6,-0.27,-0.64,6.38,0.64,-9.85,0.0,0.0,0.0,0.1,-0.1,0.0,1,31.45,940.5,596.5,1,0
TR,17057,0,3,0,0,1.12,33.18,7.5,9.27,-0.19,-0.49,4.11,0.75,-8.59,0.0,0.0,0.0,0.1,-0.1,0.0,1,31.45,940.5,596.4,1,0
TR,17317,0,3,0,0,1.68,42.87,8.18,9.58,-0.85,-0.31,2.81,0.2,-7.32,0.0,0.0,0.0,0.1,-0.1,0.0,1,31.46,940.5,596.4,1,0
TR,17575,0,3,0,0,3.12,68.06,14.18,9.22,-0.32,-0.44,0.13,0.57,-3.98,0.0,0.0,0.0,0.1,-0.1,0.0,1,31.46,940.4,596.5,1,0
TR,17836,0,3,0,0,3.93,80.5,27.56,9.39,-0.75,-0.23,-0.27,0.0,-1.66,0.0,0.0,0.0,0.1,-0.1,0.0,1,31.47,940.5,596.4,1,0
TR,18096,0,3,0,0,4.56,85.37,3.75,9.45,-0.45,-0.56,-0.32,0.18,-1.01,0.0,0.0,0.0,0.1,-0.1,0.0,1,31.47,940.5,596.5,1,0
TR,18356,0,3,0,0,4.62,86.18,3.68,9.32,-0.66,-0.18,-0.46,-0.02,-0.31,0.0,0.0,0.0,0.1,-0.1,0.0,1,31.47,940.5,596.5,1,0
TR,18620,0,3,0,0,4.75,86.37,176.37,9.41,-0.56,-0.47,-0.37,0.04,-0.43,0.0,0.0,0.0,0.1,-0.1,0.0,1,31.48,940.5,596.5,1,0
TR,18878,0,3,0,0,4.68,86.31,176.37,9.41,-0.62,-0.35,-0.35,0.01,-0.3,0.0,0.0,0.0,0.1,-0.1,0.0,1,31.48,940.4,596.5,1,0
TR,19138,0,3,0,0,4.75,86.25,176.43,9.34,-0.57,-0.33,-0.44,0.03,-0.16,0.0,0.0,0.0,0.1,-0.1,0.0,1,31.48,940.5,596.4,1,0
TR,19398,0,3,0,0,4.75,86.18,176.37,9.45,-0.56,-0.45,-0.32,0.05,-0.25,0.0,0.0,0.0,0.1,-0.1,0.0,1,31.48,940.5,596.4,1,0
TR,19656,0,3,0,0,4.75,86.12,176.43,9.38,-0.64,-0.32,-0.4,-0.03,-0.07,0.0,0.0,0.0,0.1,-0.1,0.0,1,31.49,940.5,596.4,1,0
TR,19916,0,3,0,0,4.75,86.06,176.37,9.35,-0.51,-0.48,-0.42,0.1,-0.21,0.0,0.0,0.0,0.1,-0.1,0.0,1,31.49,940.5,596.5,1,0
TR,20176,0,3,0,0,4.75,86.0,176.37,9.46,-0.69,-0.34,-0.31,-0.07,-0.06,0.0,0.0,0.0,0.1,-0.1,0.0,1,31.49,940.4,596.5,1,0
TR,20436,0,3,0,0,4.68,85.93,176.37,9.35,-0.56,-0.43,-0.42,0.05,-0.13,0.0,0.0,0.0,0.1,-0.1,0.0,1,31.49,940.4,596.5,1,0
TR,20695,0,3,0,0,4.68,85.87,176.31,9.39,-0.65,-0.37,-0.38,-0.03,-0.06,0.0,0.0,0.0,0.1,-0.1,0.0,1,31.5,940.5,596.5,1,0
TR,20955,0,3,0,0,4.68,85.87,176.31,9.41,-0.61,-0.44,-0.36,0.0,-0.11,0.0,0.0,0.0,0.1,-0.1,0.0,1,31.5,940.5,596.4,1,0
TR,21219,0,3,0,0,4.68,85.81,176.31,9.43,-0.58,-0.4,-0.33,0.02,-0.07,0.0,0.0,0.0,0.1,-0.1,0.0,1,31.5,940.5,596.4,1,0
TR,21477,0,3,0,0,4.68,85.81,176.31,9.45,-0.66,-0.41,-0.32,-0.04,-0.08,0.0,0.0,0.0,0.1,-0.1,0.0,1,31.5,940.5,596.4,1,0
TR,21737,0,3,0,0,4.68,85.81,176.31,9.39,-0.6,-0.45,-0.38,0.02,-0.12,0.0,0.0,0.0,0.1,-0.1,0.0,1,31.51,940.5,596.3,1,0
TR,21999,0,3,0,0,4.68,85.81,176.31,9.35,-0.67,-0.4,-0.41,-0.04,-0.07,0.0,0.0,0.0,0.1,-0.1,0.0,1,31.51,940.5,596.3,1,0
TR,22259,0,3,0,0,4.68,85.81,176.31,9.35,-0.58,-0.45,-0.42,0.02,-0.12,0.0,0.0,0.0,0.1,-0.1,0.0,1,31.51,940.5,596.3,1,0
TR,22519,0,3,0,0,4.68,85.81,176.31,9.39,-0.67,-0.39,-0.37,-0.05,-0.06,0.0,0.0,0.0,0.1,-0.1,0.0,1,31.51,940.5,596.4,1,0
TR,22777,0,3,0,0,4.68,85.81,176.31,9.37,-0.64,-0.43,-0.4,-0.02,-0.1,0.0,0.0,0.0,0.1,-0.1,0.0,1,31.52,940.5,596.3,1,0
TR,23037,0,3,0,0,4.68,85.81,176.31,9.35,-0.66,-0.39,-0.42,-0.03,-0.06,0.0,0.0,0.0,0.1,-0.1,0.0,1,31.52,940.5,596.3,1,0
TR,23298,0,3,0,0,4.68,85.81,176.31,9.43,-0.68,-0.43,-0.34,-0.06,-0.1,0.0,0.0,0.0,0.1,-0.1,0.0,1,31.52,940.5,596.4,1,0
TR,23558,0,3,0,0,4.68,85.81,176.31,9.35,-0.65,-0.42,-0.41,-0.03,-0.09,0.0,0.0,0.0,0.1,-0.1,0.0,1,31.52,940.5,596.5,1,0
TR,23822,0,3,0,0,4.68,85.81,176.31,9.39,-0.66,-0.41,-0.36,-0.07,-0.12,0.0,0.0,0.0,0.1,-0.1,0.0,1,31.53,940.4,596.5,1,0
TR,24082,0,3,0,0,4.68,85.81,176.31,9.43,-0.65,-0.48,-0.33,-0.02,-0.15,0.0,0.0,0.0,0.1,-0.1,0.0,1,31.53,940.4,596.5,1,0
TR,24342,0,3,0,0,4.68,85.81,176.31,9.35,-0.69,-0.43,-0.42,-0.07,-0.1,0.0,0.0,0.0,0.1,-0.1,0.0,1,31.53,940.4,596.5,1,0
TR,24602,0,3,0,0,4.68,85.81,176.31,9.38,-0.66,-0.46,-0.4,-0.04,-0.13,0.0,0.0,0.0,0.1,-0.1,0.0,1,31.54,940.4,596.5,1,0
TR,24862,0,3,0,0,4.68,85.81,176.31,9.39,-0.66,-0.45,-0.39,-0.03,-0.12,0.0,0.0,0.0,0.1,-0.1,0.0,1,31.54,940.4,596.6,1,0
TR,25122,0,3,0,0,4.68,85.81,176.31,9.41,-0.67,-0.45,-0.36,-0.04,-0.12,0.0,0.0,0.0,0.1,-0.1,0.0,1,31.55,940.4,596.5,1,0
TR,25380,0,3,0,0,4.68,85.81,176.31,9.62,-0.4,-0.69,-0.15,0.22,-0.36,0.0,0.0,0.0,0.1,-0.1,0.0,1,31.55,940.4,596.5,1,0
TR,25640,0,3,0,0,4.62,85.87,176.25,9.67,-0.38,-0.39,-0.1,0.24,-0.08,0.0,0.0,0.0,0.1,-0.1,0.0,1,31.55,940.5,596.5,1,0
TR,25901,0,3,0,0,4.62,85.87,176.25,10.1,0.49,2.36,0.33,1.12,2.68,0.0,0.0,0.0,0.1,-0.1,0.0,1,31.55,940.5,596.5,1,0
TR,26161,0,3,0,0,4.62,85.87,176.25,6.58,0.67,4.48,-3.19,1.3,4.79,0.0,0.0,0.0,0.1,-0.1,0.0,1,31.55,940.4,596.5,1,0
TR,26421,0,3,0,0,4.62,85.87,176.25,-1.13,0.19,9.6,-10.91,0.82,9.92,0.0,0.0,0.0,0.1,-0.1,0.0,1,31.55,940.5,596.5,1,0
TR,26685,0,3,0,0,4.62,85.87,176.25,3.17,1.16,10.16,-6.44,1.54,10.1,0.0,0.0,0.0,0.1,-0.1,0.0,1,31.55,940.5,596.5,1,0
TR,26945,0,3,0,0,4.62,85.87,176.25,-2.13,-1.54,8.43,-11.69,1.26,10.58,0.0,0.0,0.0,0.1,-0.1,0.0,1,31.56,940.5,596.5,1,0
TR,27205,0,3,0,0,4.31,85.93,175.93,-0.35,-1.88,9.12,-10.1,-1.24,9.12,0.0,0.0,0.0,0.1,-0.1,0.0,1,31.57,940.5,596.4,1,0
TR,27465,0,3,0,0,327.67,51.87,15.81,-0.45,-1.71,9.18,-8.17,-0.06,3.37,0.0,0.0,0.0,0.1,-0.1,0.0,1,31.58,940.5,596.5,1,0
TR,27754,0,3,0,0,327.67,21.31,12.18,-0.47,-1.68,9.21,-4.05,0.25,0.29,0.0,0.0,0.0,0.1,-0.1,0.0,1,31.59,940.5,596.5,1,0
TR,28014,0,3,0,0,327.67,8.12,11.12,-0.5,-1.68,9.2,-1.89,0.19,-0.32,0.0,0.0,0.0,0.1,-0.1,0.0,1,31.59,940.5,596.5,1,0
TR,28274,0,3,1,0,327.67,2.87,10.62,-0.52,-1.7,9.6,-1.02,0.1,0.0,0.0,0.0,0.0,0.1,-0.1,0.0,1,31.6,940.5,596.5,1,0
TR,28532,0,3,1,0,327.67,0.31,10.37,-0.52,-1.71,9.62,-0.6,0.05,-0.01,0.0,0.0,0.0,0.1,-0.1,0.0,1,31.61,940.5,596.5,1,0
TR,28792,0,3,1,0,327.67,-0.68,10.25,-0.54,-1.69,9.6,-0.42,0.05,-0.02,0.0,0.0,0.0,0.1,-0.1,0.0,1,31.61,940.5,596.5,1,0
TR,29050,0,3,1,0,327.67,-1.25,10.12,-0.56,-1.65,9.6,-0.33,0.08,-0.03,0.0,0.0,0.0,0.1,-0.1,0.0,1,31.62,940.5,596.5,1,0
TR,29315,0,3,1,0,327.67,-1.68,10.06,-0.56,-1.67,9.6,-0.27,0.04,-0.04,0.0,0.0,0.0,0.1,-0.1,0.0,1,31.62,940.5,596.4,1,0
TR,29575,0,3,1,0,327.67,-1.93,10.0,-0.54,-1.63,9.6,-0.2,0.06,-0.03,0.0,0.0,0.0,0.1,-0.1,0.0,1,31.63,940.5,596.4,1,0
TR,29833,0,3,1,0,327.67,-2.18,9.93,-0.56,-1.63,9.6,-0.19,0.06,-0.03,0.0,0.0,0.0,0.1,-0.1,0.0,1,31.63,940.5,596.4,1,0
TR,30093,0,3,1,0,327.67,-2.31,9.93,-0.57,-1.61,9.64,-0.17,0.07,0.0,0.0,0.0,0.0,0.1,-0.1,0.0,1,31.64,940.5,596.4,1,0
TR,30353,0,3,1,0,327.67,-2.5,9.87,-0.58,-1.63,9.6,-0.17,0.04,-0.03,0.0,0.0,0.0,0.1,-0.1,0.0,1,31.64,940.5,596.4,1,0
TR,30611,0,3,1,0,327.67,-2.56,9.81,-0.58,-1.61,9.64,-0.14,0.06,0.0,0.0,0.0,0.0,0.1,-0.1,0.0,1,31.65,940.5,596.4,1,0
TR,30871,0,3,1,0,327.67,-2.68,9.75,-0.58,-1.58,9.6,-0.12,0.08,-0.04,0.0,0.0,0.0,0.1,-0.1,0.0,1,31.65,940.5,596.4,1,0
TR,31131,0,3,1,0,327.67,-2.75,9.75,-0.6,-1.6,9.6,-0.13,0.05,-0.03,0.0,0.0,0.0,0.1,-0.1,0.0,1,31.66,940.5,596.4,1,0
TR,31389,0,3,1,0,327.67,-2.75,9.75,-0.58,-1.59,9.64,-0.13,0.07,0.0,0.0,0.0,0.0,0.1,-0.1,0.0,1,31.66,940.5,596.4,1,0
TR,31649,0,3,1,0,327.67,-2.75,9.75,-0.6,-1.57,9.64,-0.12,0.08,0.0,0.0,0.0,0.0,0.1,-0.1,0.0,1,31.66,940.5,596.4,1,0
TR,31913,0,3,1,0,327.67,-2.75,9.75,-0.58,-1.57,9.6,-0.12,0.09,-0.03,0.0,0.0,0.0,0.1,-0.1,0.0,1,31.66,940.5,596.4,1,0
TR,32172,0,3,1,0,327.67,-2.75,9.75,-0.6,-1.57,9.63,-0.13,0.08,-0.01,0.0,0.0,0.0,0.1,-0.1,0.0,1,31.67,940.5,596.5,1,0
TR,32432,0,3,1,0,327.67,-2.75,9.75,-0.62,-1.56,9.63,-0.15,0.09,-0.01,0.0,0.0,0.0,0.1,-0.1,0.0,1,31.67,940.5,596.5,1,0
TR,32690,0,3,1,0,327.67,-2.75,9.75,-0.61,-1.58,9.66,-0.11,0.11,0.0,0.0,0.0,0.0,0.1,-0.1,0.0,1,31.68,940.5,596.4,1,0
TR,32950,0,3,1,0,327.67,-2.75,9.75,-0.62,-1.54,9.64,-0.15,0.09,-0.04,0.0,0.0,0.0,0.1,-0.1,0.0,1,31.68,940.5,596.5,1,0
TR,33210,0,3,1,0,327.67,-2.75,9.75,-0.61,-1.53,9.62,-0.15,0.1,-0.01,0.0,0.0,0.0,0.1,-0.1,0.0,1,31.68,940.4,596.6,1,0
TR,33470,0,3,1,0,327.67,-2.75,9.75,-0.62,-1.57,9.62,-0.14,0.1,0.01,0.0,0.0,0.0,0.1,-0.1,0.0,1,31.69,940.4,596.6,1,0
TR,33730,0,3,1,0,327.67,-2.75,9.75,-0.61,-1.51,9.63,-0.14,0.14,-0.01,0.0,0.0,0.0,0.1,-0.1,0.0,1,31.69,940.4,596.6,1,0
TR,33990,0,3,1,0,327.67,-2.75,9.75,-0.61,-1.58,9.64,-0.14,0.07,0.0,0.0,0.0,0.0,0.1,-0.1,0.0,1,31.69,940.4,596.5,1,0
TR,34248,0,3,1,0,327.67,-2.75,9.75,-0.61,-1.56,9.6,-0.14,0.1,-0.04,0.0,0.0,0.0,0.1,-0.1,0.0,1,31.7,940.5,596.5,1,0
TR,34512,0,3,1,0,327.67,-2.75,9.75,-0.6,-1.54,9.64,-0.13,0.12,0.0,0.0,0.0,0.0,0.1,-0.1,0.0,1,31.7,940.5,596.4,1,0
TR,34772,0,3,1,0,327.67,-2.75,9.75,-0.63,-1.54,9.64,-0.15,0.12,-0.02,0.0,0.0,0.0,0.1,-0.1,0.0,1,31.71,940.5,596.5,1,0
TR,35033,0,3,1,0,327.67,-2.75,9.75,-0.62,-1.55,9.66,-0.16,0.11,0.0,0.0,0.0,0.0,0.1,-0.1,0.0,1,31.71,940.5,596.4,1,0
TR,35291,0,3,1,0,327.67,-2.75,9.75,-0.61,-1.52,9.6,-0.14,0.13,-0.03,0.0,0.0,0.0,0.1,-0.1,0.0,1,31.71,940.5,596.4,1,0
TR,35551,0,3,1,0,327.67,-2.75,9.75,-0.62,-1.52,9.64,-0.15,0.13,0.0,0.0,0.0,0.0,0.1,-0.1,0.0,1,31.72,940.5,596.5,1,0
TR,35811,0,3,1,0,327.67,-2.75,9.75,-0.63,-1.53,9.64,-0.15,0.12,0.0,0.0,0.0,0.0,0.1,-0.1,0.0,1,31.72,940.5,596.4,1,0
TR,36071,0,3,1,0,327.67,-2.75,9.75,-0.63,-1.53,9.64,-0.15,0.12,0.0,0.0,0.0,0.0,0.1,-0.1,0.0,1,31.73,940.5,596.4,1,0
TR,36333,0,3,1,0,327.67,-2.75,9.75,-0.62,-1.53,9.6,-0.15,0.12,-0.03,0.0,0.0,0.0,0.1,-0.1,0.0,1,31.73,940.5,596.4,1,0
TR,36591,0,3,1,0,327.67,-2.75,9.75,-0.64,-1.51,9.63,-0.16,0.14,-0.01,0.0,0.0,0.0,0.1,-0.1,0.0,1,31.74,940.5,596.3,1,0
TR,36851,0,3,1,0,327.67,-2.75,9.75,-0.65,-1.5,9.63,-0.17,0.15,-0.01,0.0,0.0,0.0,0.1,-0.1,0.0,1,31.74,940.5,596.3,1,0
TR,37111,0,3,1,0,327.67,-2.75,9.75,-0.63,-1.5,9.67,-0.15,0.15,0.01,0.0,0.0,0.0,0.1,-0.1,0.0,1,31.74,940.5,596.4,1,0
TR,37376,0,3,1,0,327.67,-2.75,9.75,-0.62,-1.5,9.63,-0.15,0.12,-0.03,0.0,0.0,0.0,0.1,-0.1,0.0,1,31.75,940.5,596.5,1,0
TR,37636,0,3,1,0,327.67,-2.75,9.75,-0.63,-1.53,9.64,-0.15,0.14,0.01,0.0,0.0,0.0,0.1,-0.1,0.0,1,31.75,940.5,596.4,1,0
TR,37894,0,3,1,0,327.67,-2.75,9.75,-0.63,-1.49,9.67,-0.15,0.16,0.01,0.0,0.0,0.0,0.1,-0.1,0.0,1,31.75,940.5,596.4,1,0
TR,38154,0,3,1,0,327.67,-2.93,9.62,-0.64,-1.54,9.67,-0.13,0.08,0.01,0.0,0.0,0.0,0.1,-0.1,0.0,1,31.76,940.5,596.4,1,0
TR,38412,0,3,1,0,327.67,-3.06,9.5,-0.63,-1.49,9.64,-0.1,0.12,0.0,0.0,0.0,0.0,0.1,-0.1,0.0,1,31.76,940.5,596.4,1,0
TR,38672,0,3,1,0,327.67,-3.12,9.43,-0.65,-1.48,9.67,-0.11,0.11,0.01,0.0,0.0,0.0,0.1,-0.1,0.0,1,31.77,940.5,596.5,1,0
TR,38932,0,3,1,0,327.67,-3.18,9.37,-0.66,-1.5,9.64,-0.11,0.08,-0.01,0.0,0.0,0.0,0.1,-0.1,0.0,1,31.77,940.5,596.5,1,0
TR,39192,0,3,1,0,327.67,-3.18,9.31,-1.15,-0.56,10.05,-0.6,1.03,0.38,0.0,0.0,0.0,0.1,-0.1,0.0,1,31.77,940.4,596.5,1,0
TR,39452,0,3,1,0,327.67,-3.18,9.31,-0.56,-0.87,10.14,-0.01,0.72,0.49,0.0,0.0,0.0,0.1,-0.1,0.0,1,31.77,940.5,596.4,1,0
TR,39712,0,3,1,0,327.67,-3.18,9.31,1.07,-0.69,11.46,1.62,0.9,1.8,0.0,0.0,0.0,0.1,-0.1,0.0,1,31.77,940.5,596.4,1,0
TR,39976,0,3,1,0,327.67,-3.18,9.31,-0.11,-3.44,7.15,-1.12,-1.42,-2.33,0.0,0.0,0.0,0.1,-0.1,0.0,1,31.77,940.5,596.4,1,0
TR,40237,0,3,1,0,327.67,-3.18,9.31,-0.77,-7.34,0.58,0.02,-5.81,-8.93,0.0,0.0,0.0,0.1,-0.1,0.0,1,31.77,940.5,596.4,1,0
TR,40497,0,3,1,0,327.67,-3.18,9.31,-1.4,-9.72,-5.01,-0.85,-8.14,-14.67,0.0,0.0,0.0,0.1,-0.1,0.0,1,31.77,940.5,596.4,1,0
TR,40757,0,3,1,0,327.67,-3.18,9.31,-1.58,-9.5,-2.73,-1.03,-7.91,-12.39,0.0,0.0,0.0,0.1,-0.1,0.0,1,31.77,940.5,596.4,1,0
TR,41017,0,3,1,0,327.67,-3.18,9.31,1.51,-7.97,-4.41,2.06,-6.37,-14.07,0.0,0.0,0.0,0.1,-0.1,0.0,1,31.76,940.5,596.4,1,0
TR,41277,0,3,1,0,327.67,-3.18,9.31,2.08,-7.19,-3.84,2.63,-5.59,-13.5,0.0,0.0,0.0,0.1,-0.1,0.0,1,31.76,940.5,596.4,1,0
TR,41537,0,3,1,0,327.67,-3.18,9.31,1.65,-9.99,-4.51,2.2,-8.39,-14.17,0.0,0.0,0.0,0.1,-0.1,0.0,1,31.76,940.5,596.4,1,0
TR,41795,0,3,1,0,327.67,-3.18,9.31,0.69,-9.02,-3.45,1.24,-7.42,-13.11,0.0,0.0,0.0,0.1,-0.1,0.0,1,31.76,940.5,596.3,1,0
